user,building,dry_cleaning,highway,ice_cream,laundry,total_objects
vpprahar,0,0,6.4342102160701895,0,0,8
dominastrum,0,0,0.339641073852457,0,0,12
jorge_o,0,0,0.18906470309425702,0,0,2
42429,33,0,3.162851977581783,0,0,4271
oanac2_telenav,0,0,21.821996392565378,0,0,174
greggerm,32935,0,94.40099629885886,0,0,36668
SamantaJames,2,0,0.0,0,0,2
Richard,0,0,137.73688171245553,0,0,197
Unrobot,0,0,4.626523989789275,0,0,6
levandosky,0,0,13.240035147603024,0,0,41
MeatballZ28,0,0,12.923449688593129,0,0,41
maxerickson,215,0,1214.8358545660187,0,0,11940
mneko,18,0,0.0,0,0,22
Outlier73,0,0,67.10867449940658,0,0,209
swarnimv,0,0,0.338891295080889,0,0,2
OMMB,0,0,28.25867418354605,0,0,124
MJHamilton113,6,0,2.51124927772537,0,0,505
JoePiol,20,0,15.24218572538631,0,0,115
RoadGeek_MD99,6,0,2.765887477328298,0,0,50
iandees,0,0,0.0,0,0,1376
LinusA,2,0,1.253402402398832,0,0,22
Edward,57,0,0.03018948202037,0,0,282
Roman Guy,421,0,5.41827885878808,0,0,1325
John Wrenn,358,0,87.04219440638249,0,0,854
Benvelo,3,0,77.97750239189278,0,0,412
karitotp,0,0,3.356341957989602,0,0,35
vladm_telenav,0,0,1.386906856918893,0,0,7
bathis,0,0,5.341501479463234,0,0,44
hobbesvsboyle,0,0,0.0,0,0,1
yadathot,0,0,3.327995142897235,0,0,11
JamieRI,0,0,0.555892051586492,0,0,3
jjb10592,0,0,1.6067394219009241,0,0,5
fx99,0,0,0.0,0,0,2
KDTW Flyer,5,0,24.24970212144571,0,0,163
timmmichaud,6,0,27.0060524068727,0,0,200
mapman44,1,0,14.443544767267948,0,0,234
EmilyPPP,13,0,7.146426247791246,0,0,408
JJab,2,0,0.49220375736995003,0,0,26
Peter Dobratz,0,0,0.21087721941596702,0,0,32
catalinad_telenav,0,0,70.08374347134192,0,0,724
uhhany1,0,0,3.840674528139884,0,0,21
Cameron515,0,0,0.009501609784027,0,0,2
dasnei,0,0,1.289709549030497,0,0,14
Zirnch,12232,1,63.751216747974176,0,0,18933
woodpeck,1,0,2.440950791632416,0,0,24
EdSS,88,0,1.064516973382004,0,0,128
KristenK,0,0,0.18429655087075503,0,0,19
ZERO_E9,0,0,0.0,0,0,6
BiIbo,0,0,0.0,0,0,2
rprescott,0,0,5.301375274583115,0,0,14
Ailish,76,0,0.0,0,0,80
gabis_telenav,0,0,16.278608638708807,0,0,107
Parcanman,8,0,3.507239124249259,0,0,223
OldShamanizer,0,0,5.138852043631582,0,0,45
windmistfar,0,0,0.0,0,0,1
b-jazz-bot,61,0,0.0,0,0,254
JackStrawberry,19,0,0.528717514820467,0,0,37
Claumires,15,0,0.0,0,0,15
Brieal,0,0,0.0,0,0,3
OSMF Redaction Account,0,0,0.0,0,0,11
Spanchen,0,0,0.0,0,0,4
Mike Augustus,0,0,0.0747548361507,0,0,3
paulopp,44,0,7.849642312456454,0,0,146
pallam13,0,0,2.9829659184440063,0,0,4
Andre68,0,0,0.0,0,0,7
kylecorry31,168,0,2.781078504762853,0,0,270
aalox,0,0,0.031430519687598,0,0,5
rkkarnee,0,0,3.586864712337973,0,0,14
Yoshinion,13,0,1.287927933862079,0,0,48
michaedz,0,0,5.436490592408342,0,0,7
Zverik,0,0,0.0,0,0,10
underorbit,1,0,183.7884099080082,0,0,1842
julingts,0,0,0.0,0,0,1
mathpras,0,0,1.06544678581845,0,0,2
jremillard,7,0,0.5291890857499331,0,0,54
veesams,0,0,9.230689099258868,0,0,6
jdmancini,5,0,0.29757110715815305,0,0,9
arkdatta,0,0,5.038753522799132,0,0,57
ComradeCosmobot,0,0,0.0,0,0,6
racranji,0,0,0.179054687619425,0,0,1
cforin,0,0,7.299128898481204,0,0,40
govvala,0,0,3.477341613170415,0,0,17
wgauch,0,0,1.13374563943823,0,0,14
shushmit,0,0,6.394831981260857,0,0,55
mtmail,2,0,0.0,0,0,3
baindran,1,0,1.789440944520781,0,0,13
bwarren,1,0,0.0,0,0,1
qureahme,0,0,1.509805722161199,0,0,7
GoWestTravel,7,0,0.0,0,0,23
talukdm,0,0,7.9219863049137285,0,0,43
GregCh,0,0,15.45728196554563,0,0,140
khnzmnz,0,0,1.9682810240241482,0,0,6
upendrakarukonda,0,0,6.238301312709489,0,0,42
arosalon,0,0,0.08200787208891401,0,0,1
matty339,0,0,0.837502464243532,0,0,15
ntanniru,0,0,4.726509651798642,0,0,18
RetiredInNH,0,0,1.5522624243977452,0,0,10
ksnghr,0,0,5.896714977136619,0,0,10
Travis636,14,0,0.0,0,0,14
begumfai,0,0,1.166634987026014,0,0,4
aroach,0,0,0.9715880696926601,0,0,4
pillalp,0,0,9.006408195577386,0,0,20
accheela,0,0,1.7848536312236472,0,0,3
sunilaak,0,0,5.358239598378282,0,0,10
gb359,0,0,15.204966532316854,0,0,20
DaveHansenTiger,0,0,8.020617430606826,0,0,52
massDOT,0,0,0.0,0,0,10
Geogast,0,0,0.0,0,0,190
riysingh,0,0,0.7061931749089411,0,0,8
amsomniac,0,0,0.0,0,0,1
Maskulinum,0,0,1.147715809221197,0,0,8
buchula,0,0,6.234897959684577,0,0,13
EvanMula,0,0,0.0,0,0,3
soumybha,0,0,11.710735240198828,0,0,67
ewedistrict,0,0,0.440635978142062,0,0,1
almaasm,0,0,1.682293113423666,0,0,11
penimire,0,0,0.539513971145832,0,0,2
swimdb,134,0,3.045173088808766,0,0,230
pavapati,0,0,0.320613159145112,0,0,3
utkshukl,0,0,22.293182451106293,0,0,43
asanapal,0,0,1.7423463912686121,0,0,3
ambarapu,0,0,0.29337521167260805,0,0,1
jalajm,0,0,2.022314021966104,0,0,9
sgmamz,0,0,1.100268855008294,0,0,6
Pnrrth,0,0,0.0,0,0,5
Fivea,0,0,26.910775667252057,0,0,211
SNECS,0,0,0.0,0,0,1
dkwolf,63,0,3.363352574304347,0,0,200
soundred,0,0,1.057076942428695,0,0,8
chhava,0,0,1.4240159950906721,0,0,3
Premsakhare,0,0,0.19942443956097902,0,0,4
Mikem555,0,0,0.0,0,0,10
kwametedros,0,0,1.662380968851946,0,0,12
Cheyanna,0,0,0.0,0,0,2
lucsalmons,0,0,3.845731969766055,0,0,34
gollabg,0,0,2.696302268993911,0,0,5
matthieun,0,0,1.5037155978220742,0,0,19
ediyes,0,0,5.336302935401422,0,0,52
DinnaF,0,0,0.08025415860511101,0,0,3
Arpremna,0,0,0.083583334099129,0,0,1
amitbish,0,0,1.040744025905573,0,0,5
sijjacob,0,0,5.129852940928469,0,0,6
RIsailor,2,0,0.0,0,0,14
RyanP724,10,0,0.5209625838563351,0,0,19
RILockGuy,1,0,0.0,0,0,1
Lorren13,1691,0,18.73987040735999,1,1,1972
TheBlueRobin,0,0,0.0,0,0,1
I Am Not Telling You My Name,0,0,27.140630716753876,0,0,187
shadty,0,0,0.9305645733851481,0,0,12
ridixcr,0,0,2.438422481055257,0,0,5
chharsha,0,0,4.304189721451419,0,0,36
michaelh21,0,0,4.830882946954844,0,0,8
darsenault,1,0,0.196240722199533,0,0,3
yurasi,3,0,1.37977996480719,0,0,16
ChrisDMI,281,0,0.29872827649181405,0,0,315
PHerison,0,0,0.954674375754578,0,0,75
odarveau,5,0,0.0,0,0,5
ZeLonewolf,95,0,26.03509437521652,0,0,548
riclab15,1,0,0.0,0,0,10
steverumizen,0,0,0.41649226720583504,0,0,60
nairon,0,0,0.0,0,0,2
anilredd,0,0,2.7812898790237632,0,0,11
Tejajt,0,0,0.5585755800367881,0,0,7
Lnicolau26,197,0,0.7034658601979541,0,0,211
sahanki,0,0,0.110661542141002,0,0,3
samely,0,0,5.766173658400134,0,0,62
swathiku,0,0,5.1618747561402,0,0,15
the Sandinator,0,0,4.272031039540838,0,0,27
navlay,0,0,0.75434025646069,0,0,3
Rwardley,0,0,0.0,0,0,11
Iqhra,4,0,43.949854343565576,0,0,675
cybhunter,3,0,5.644257576835791,0,1,139
JuggernautMapper,0,0,0.0,0,0,2
thomguertin,1,0,0.0,0,0,3
tommy mann,1,0,0.0,0,0,3
Alan Bragg,269,0,42.791825184474,0,0,592
Mystic Guy,0,0,0.059464215489248004,0,0,1
nihaalr,0,0,9.028401813794504,0,0,19
Alan Pierrat,0,0,0.0,0,0,1
bot-mode,0,0,4.291412715193607,0,0,49
brianegge,0,0,0.0,0,0,14
outbreakresponder,2,0,0.0,0,0,10
viewCT,0,0,0.0,0,0,1
kedarnap,0,0,5.911372901126009,0,0,12
rad1ance,0,0,0.7841408193758681,0,0,14
Sangueffusor,0,0,1.4596081529032912,0,0,2
manoharuss,0,0,0.0,0,0,4
freebeer,424,0,3.814425296441737,0,0,455
DavidLiu5059,0,0,1.62413557723439,0,0,11
unnsyeda,0,0,1.4610214862732112,0,0,7
tyngu,0,0,3.0764124699932,0,0,7
I aint even map bro,4,0,0.0,0,0,16
BenBaldwin,0,0,0.020871650601693003,0,0,53
sachinv,0,0,3.001631831538711,0,0,13
davidreindel,0,0,0.0,0,0,1
aduxas,0,0,1.513558146124269,0,0,3
mysticiain,1,0,0.064240900218439,0,0,3
shaspand,0,0,1.3681390950382721,0,0,10
Manu1400,0,0,0.0,0,0,4
kotaprad,0,0,9.751391209345845,0,0,9
BKMystic1,1,0,0.0,0,0,10
swappa,0,0,1.9311438128949692,0,0,10
wambag,5,0,1.835806374869752,0,0,527
Prof Eric Cameron,0,0,3.866289153707409,0,0,24
drewstinton,0,0,0.17176844838315,0,0,1
SLussier,45,0,0.19489586051158703,0,0,84
Aaron Hertzer,0,0,0.0,0,0,2
mtblocal1,0,0,12.060009203145352,0,0,40
Rolandd,3,0,0.0,0,0,14
Chris Kracik,0,0,0.09333699721092201,0,0,2
diceccon,1,0,0.0,0,0,1
Rexma423,15,0,2.715826812801121,0,0,66
RitterR,0,0,0.0,0,0,12
piligab,0,0,0.0,0,0,1
veee,0,0,0.462472067604326,0,0,6
gbtour,0,0,3.9009174158475393,0,0,8
Joshua Garner,4,0,0.0,0,0,7
van Rees,0,0,0.22717731690752901,0,0,1
nmarino,2,0,0.0,0,0,2
FvGordon,0,0,4.080703828059362,0,0,42
Wcat13,0,0,0.201404848726898,0,0,6
jonathan-short,0,0,12.737712865314203,0,0,13
ericjooris,0,0,0.0,0,0,1
Durango,22,0,6.309114559640587,0,0,191
Bkissin,31,0,0.0,0,0,44
gfurcolo,0,0,0.0,0,0,5
PropertyVIEW®,1,0,0.0,0,0,2
cvbrassil,0,0,9.324776671761194,0,0,30
jrnhl,0,0,0.0,0,0,9
cgraham95,2,0,0.0,0,0,4
BillOHanley,0,0,0.08978980180138,0,0,1
Kla_Ger,0,0,8.279111902210007,0,0,16
kbeck,0,0,2.823271199349332,0,0,13
pmerriman1,0,0,0.231430914098039,0,0,4
the-head,0,0,0.0,0,0,5
Aubrey Holland,0,0,0.0,0,0,9
rkdarst,14,0,0.27360658170636604,0,0,33
NE2,0,0,13.657157256474973,0,0,214
archINFORM,1,0,0.0,0,0,1
poornibadrinath,1,0,7.682536209840096,0,0,86
Jeremie Weldin,0,0,0.0,0,0,1
Carl Simonson,0,0,0.08077984683773501,0,0,1
kavshnu,0,0,1.404376992789701,0,0,1
roguedeer,0,0,0.150662466959111,0,0,3
harpreo,0,0,2.746691221392707,0,0,10
Ayaz H,0,0,2.78992101645893,0,0,17
lhowe1021,0,0,0.09793084885014701,0,0,1
Huldega,0,0,0.0,0,0,3
jinalfoflia,0,0,0.34414919681862305,0,0,3
choess,0,0,0.49486916341484505,0,0,151
maxerickson_large_edits,1,0,0.0,0,0,19
gunnar1m,1,0,0.0,0,0,1
jmhobson,0,0,0.282412550418677,0,0,7
jumbanho,0,0,1.528010650413186,0,0,6
sabaamzn,0,0,0.096953740968787,0,0,9
purbitap,0,0,1.685574424901868,0,0,10
KT425,0,0,0.0,0,0,1
ssahithi,0,0,2.564583319678889,0,0,10
makalvy,1,0,0.0,0,0,1
bdiscoe,118,0,3.782359284966282,0,0,245
mahahahaneapneap,0,0,6.735067817106187,0,0,212
yerrawa,0,0,4.129705017906223,0,0,6
mmatook_8950,1,0,0.0,0,0,7
MrSteveRI125,1,0,0.376604326687415,0,0,3
mdurg68,0,0,0.367839519506988,0,0,1
ChrisZontine,0,0,0.9107427912897341,0,0,6
mike140,0,0,0.045409252790428005,0,0,3
N1NRW,0,0,0.18918450970309,0,0,8
Jake Snow,16,0,2.011600379718539,0,0,73
Achantav,0,0,0.078796319337203,0,0,1
SomeoneElse_Revert,5,0,0.0,0,0,6
bnilima,0,0,2.890101039569196,0,0,3
Ken Horn,11,0,2.306708406896097,0,0,74
dhaird,0,0,6.622597423602975,0,0,32
MariTov,0,0,0.37563855056341006,0,0,6
OceanVortex,80,0,11.053998854244535,0,0,878
Imp_GL,0,0,0.195164738075764,0,0,2
RickieFareShowe18,3,0,15.465830408012902,0,0,80
viana,0,0,0.31853844849823104,0,0,9
morganwahl,0,0,0.0,0,0,391
Coolc6401,1,0,2.028351667930328,0,0,36
mateov,0,0,0.0,0,0,2
Fa7C0N,1,0,0.0,0,0,1
MassGIS Import,0,0,192.31679840869447,0,0,29433
jasonjayr,0,0,0.0,0,0,2
dcsohl,3,0,0.0,0,0,3
lynnkeep,69,0,0.249152235899868,0,0,82
oormilavinod,0,0,4.9524832801014576,0,0,39
chaspicard,0,0,1.233822635349945,0,0,11
mvexel,0,0,1.063116506989066,0,0,38
basshunter401,0,0,0.0,0,0,1
crschmidt,0,0,0.8097146681080061,0,0,38
vsahith,0,0,0.142135479135428,0,0,1
AndreThib,0,0,2.425988642178893,0,0,15
mitesl,0,0,0.433823842566924,0,0,4
prafupan,0,0,0.111567389821942,0,0,2
andreis_telenav,0,0,0.699714500537429,0,0,6
pandypr,0,0,0.8903772219798881,0,0,3
doktorpixel14,0,0,0.0,0,0,1
BlueG,2,0,1.087421152240837,0,0,10
Maarten Deen,0,0,6.717444326279576,0,0,35
Russ,0,0,0.0,0,0,2
em21701,26,0,0.0,0,0,26
amzmkuma,0,0,5.644591230378163,0,0,3
elisully,1,0,0.022892270821778003,0,0,3
bjnlm,0,0,0.127110641461143,0,0,1
sigmatron,0,0,0.012348281088228,0,0,1
knikitha,0,0,1.569637888346278,0,0,7
florinbadita_telenav,0,0,0.32961619828882005,0,0,5
GITNE,6,0,21.9347235585127,0,0,467
mdistaolo,5,0,0.0,0,0,6
TylerOSM,3,0,0.0,0,0,3
lminassian,0,0,0.0,0,0,1
PikachuCSX,2,0,0.0,0,0,114
Ria625,1,0,0.0,0,0,1
gilasri,0,0,3.492436617625207,0,0,5
Seth Dixon,3,0,4.261096065806385,0,0,30
bapup,0,0,1.6208455633687362,0,0,5
cpendergast5727,7,0,0.0,0,0,10
markzawi,0,0,1.827616826084507,0,0,8
Windows98,36,0,0.09736350708417801,0,1,78
reswara,0,0,1.825508816540582,0,0,2
Headax,2,0,0.0,0,0,2
tebiggs,1,0,0.0,0,0,58
paoste,0,0,1.450030089410678,0,0,8
OpenTopoMap,1,0,0.0,0,0,7
vysyarp,1,0,1.564867351040829,0,0,11
CloCkWeRX,0,0,3.489268617697154,0,0,16
marnen,0,0,0.058868359008922004,0,0,1
Benoît Prieur,1,0,0.0,0,0,8
Calum Jackson,1,0,3.501917692609461,0,0,15
ashleyannmathew,0,0,10.241027043518038,0,0,61
TomHynes,0,0,1.754076840855766,0,0,1
Stephanie Landa,2,0,0.0,0,0,2
rfoley_8856,0,0,0.0,0,0,4
Quinsies,56,0,0.0,0,0,74
PKGriscom,0,0,0.0,0,0,3
rustymorr,8,0,25.37077773927109,0,0,247
HubMiner,1,0,0.0,0,0,3
riordabr,1,0,0.005282963529624001,0,0,2
yakra,0,0,0.32911518640702303,0,0,2
GerdP,0,0,0.080357668714509,0,0,3
SummerOtaku,0,0,0.0,0,0,1
TorhamZed,6,0,0.0,0,0,7
nicole0420,23,0,0.0,0,0,43
OMapper,0,0,0.182381498512799,0,0,3
taskswap,0,0,0.0327804963369,0,0,2
bumble!,0,0,0.880797167840711,0,0,2
ramyaragupathy,0,0,1.460839040936081,0,0,22
USN1977,10,0,0.013468630113579001,0,0,21
hinni,1,0,0.529204180025104,0,0,7
herriotto,0,0,2.076982171622377,0,0,12
lcmortensen,0,0,0.0,0,0,3
abel801,0,0,2.189950074915637,0,0,23
mobuchowski,0,0,0.025062400409952,0,0,1
tbhartman,52,0,0.42885320430190205,0,0,80
Jonathan ZHAO,0,0,0.451603885762183,0,0,4
Be A Mapper,1,0,0.226891493601058,0,0,7
DakotaCarroll,2,0,0.0,0,0,2
Joyd2,0,0,0.7717837384211781,0,0,1
bkswain87,2,0,0.0,0,0,10
RichRico,1,0,3.732885609172979,0,0,48
gareth85,0,0,0.0,0,0,2
sandhill,0,0,0.0,0,0,2
Chris112233,0,0,0.43277841711526305,0,0,2
rivermont,0,0,0.0,0,0,2
ravsjith,0,0,0.9193892402278241,0,0,9
csdf,0,0,0.0,0,0,1
Walter Schlögl,3,0,0.0,0,0,5
Hiltaguard,2,0,2.23531136947623,0,0,17
Hartmut Holzgraefe,0,0,0.08080890750483001,0,0,1
mannequinZOD,0,0,0.560649841419361,0,0,2
OremSteve,0,0,0.0,0,0,1
Luis36995,0,0,8.239878974443613,0,0,97
ErikDon8,0,0,0.0,0,0,4
arming_telenav,0,0,8.201328189754275,0,0,47
Mapsamillion,27,0,0.0,0,0,33
BicycleCommuter,0,0,0.0,0,0,2
arelativist,4,0,0.0,0,0,8
Ahlzen,1,0,0.3405006943903,0,0,69
adamos,0,0,0.5854615554504611,0,0,23
ionutr_telenav,0,0,18.81665090238154,0,0,149
marascorealty,0,0,0.0,0,0,1
andrewpmk,14,0,28.53791590790806,0,0,186
UrbanTrails,1,0,8.303298949435693,0,0,53
Lindsayrose1227,4,0,0.0,0,0,13
CentralTreeMapper,1,0,0.0,0,0,2
wheelmap_visitor,2,0,0.0,0,0,5
woodpeck_repair,1,0,0.0,0,0,3
Lars_Gatt,0,0,0.0,0,0,12
epicazn21,0,0,0.0,0,0,2
fidcastro,0,0,0.0,0,0,1
PelleB,18,0,0.146382643735463,0,0,45
muziriana,0,0,4.757758079048445,0,0,27
citationsibr,0,0,0.0,0,0,2
Rassilon,267,0,58.04017857258226,0,0,1547
RyanSJ,0,0,0.0,0,0,1
FloppusMaximus,0,0,2.250070061325056,0,0,6
sky-hub,0,0,0.0,0,0,2
beej71,0,0,0.0,0,0,2
SickZick,392,0,10.139475191492647,0,0,520
abhap,0,0,1.328786579003675,0,0,16
sp00kyjim,0,0,0.083681454481127,0,0,1
snwessel,7,0,0.11827137405290801,0,0,12
Tiana_emily,1,0,0.351177418726179,0,0,4
Jgs,0,0,0.119200599908117,0,0,1
Davlak,0,0,0.29646413687419304,0,0,6
Bhojaraj,3,0,22.6748014404834,0,0,438
ajacobi5,1,0,0.791071587139179,0,0,9
Matt1993,0,0,4.595569365352127,0,0,21
bhousel,0,0,0.0,0,0,5
pwhite119,0,0,0.0,0,0,1
daganzdaanda,18,0,0.0,0,0,19
revent,0,0,0.0,0,0,1
LeifRasmussen,0,0,0.0,0,0,3
eric22,0,0,0.0,0,0,3
Belsima,1,0,0.0,1,0,2
nishisi,0,0,2.091231705287017,0,0,12
tbro588,2,0,0.0,0,0,2
Gazelle64,0,0,2.625409507995829,0,0,2
Jason Roach,7,0,0.0,0,0,7
Jeff Sun Tavern,0,0,2.84545445098365,0,0,19
Rps333,0,0,0.0,0,0,1
Sarah in Boston,1,0,0.253349628875814,0,0,4
RCraven,1,0,0.0,0,0,1
MikeN,0,0,1.869196659335231,0,0,39
DanHomerick,0,0,0.6595452286695811,0,0,9
dufekin,0,0,3.138179499853827,0,0,73
minkscat,0,0,0.9854471314336861,0,0,5
quantumwell,0,0,0.9796935040782491,0,0,19
oba510,0,0,1.901196914078463,0,0,285
drewmhess,0,0,3.184790384804901,0,0,16
jwass,0,0,0.8937787226254851,0,0,2
Sampool15,7,0,15.915326678667224,0,0,75
Swaroop Dvsk,0,0,1.565234094887574,0,0,15
sushredd,0,0,1.221149237297366,0,0,15
rekasruj,0,0,0.683914765338355,0,0,2
Nathanael Neveux,2,0,0.0,0,0,4
Theodin,0,0,0.14887822793643102,0,0,1
richlv,2,0,0.294537065515457,0,0,13
manitec,0,0,1.5405898600523291,0,0,3
shargrac,0,0,0.415627891167059,0,0,3
cswaroo,0,0,1.176949508418719,0,0,5
Aleks-Berlin,0,0,0.0,0,0,1
wenestvedt,0,0,0.0,0,0,4
sivachak,0,0,0.8219352452109011,0,0,9
ammendir,0,0,0.03752436235803,0,0,1
Kurly,0,0,0.18688306173183303,0,0,5
mohapd,0,0,0.423661296618259,0,0,3
dupputur,0,0,0.735627061488753,0,0,4
Ivandor,0,0,0.0,0,0,1
maakra,0,0,0.514607714491508,0,0,8
malihars,0,0,0.948722541715964,0,0,7
retrev,2,0,0.0,0,0,2
raknm,0,0,6.041272232233886,0,0,22
rahuzod,0,0,0.7796876773811751,0,0,5
pbellamk,0,0,1.038776964000779,0,0,6
mohahase,0,0,3.706804892894316,0,0,10
Kaitlin Young,0,0,0.0,0,0,8
MediaWAD,13,0,0.55689877931215,1,0,34
Kerbaswh,0,0,0.541567878478411,0,0,4
woodpeck_fixbot,0,0,0.0,0,0,55
KNuggets,0,0,0.0,0,0,1
Howpper,1,0,0.0,0,0,1
Portsmouth Abbey,1,0,1.614199581878531,0,0,9
joelliot,0,0,7.715620255872832,0,0,13
RI-Improve,0,0,0.0,0,0,3
gdennis74,0,0,0.0,0,0,1
MBedilion,0,0,0.8105451545717781,0,0,6
maggot27,1,0,0.0,0,0,12
MCM7,1,0,14.109857308723981,0,0,258
mueschel,0,0,0.0,0,0,29
momo737,0,0,0.0,0,0,1
chdr,0,0,0.0,0,0,13
Ngp3,2,0,0.06608663108252001,0,0,7
QDC,8,0,0.0,0,0,9
amynmap,1,0,0.0,0,0,1
Dr Kludge,50,0,0.0,0,0,50
IMNotACrook,0,0,0.8895737067068701,0,0,4
houston_mapper1,10,0,0.0,0,0,15
g246020,1,0,0.0,0,0,3
scratchspin,3,0,0.0,0,0,5
dwatling,5,0,0.0,0,0,6
Dr Udo Brömme,0,0,0.0,0,0,6
jc86035,2,0,0.23710556694702703,0,0,18
edathy,0,0,0.0,0,0,2
Jake Shidler,1,0,0.084454538022827,0,0,2
ioanam_telenav,0,0,21.18644861819155,0,0,168
kd1oq,0,0,0.40531101337207903,0,0,2
Able05,59,0,0.0,0,0,59
KanaLee,0,0,1.461943891388521,0,0,3
sadam,52,0,3.663540601542625,0,0,267
JFK73,0,0,0.0,0,0,16
Total20303,0,0,0.20690685045269402,0,0,2
US Woods,0,0,0.0,0,0,2
GunnerB01,0,0,0.485622167495167,0,0,2
Ebann1111,0,0,0.0,0,0,1
nathan206,0,0,0.553418032755108,0,0,8
ceronics,1,0,0.0,0,0,1
marinad_telenav,0,0,1.8046732463994481,0,0,14
falcon2,0,0,0.0,0,0,1
Cleared as filed,2,0,0.508738417230107,0,0,26
Nathan Mercer,0,0,0.0,0,0,1
torapa,2,0,0.0,0,0,8
Ali MacLoughlin,0,0,0.0,0,0,1
qfnelson,2,0,0.0,0,0,4
naynay123123,0,0,0.0,0,0,1
Vkkalegi,0,0,1.042811497719414,0,0,18
LarsBG,20,0,4.925175379884736,0,0,98
datbrahm,0,0,0.08769776682624901,0,0,1
Wraithx21,5,0,0.295157046616338,0,0,16
bridgetofit,0,0,0.0,0,0,1
Joshua Mason,4,0,0.0,0,0,6
dremoto,0,0,0.764653232118574,0,0,2
kisaa,1,0,0.0,0,0,5
gremillard,1,0,1.5073037009939712,0,0,39
MrMucox,0,0,0.0,0,0,4
nandinab,0,0,3.374920765827342,0,0,3
Chelsea Carney,9,0,0.0,0,0,11
ekkakkas,0,0,1.417073862849883,0,0,12
hstremcha,0,0,0.0,0,0,1
anurasi,0,0,0.46852543601828006,0,0,6
ENT8R,0,0,0.196256615552682,0,0,4
payelgh,0,0,4.937592944431543,0,0,47
ChrissW-R1,0,0,0.0,0,0,1
hoream_telenav,0,0,0.46818730858928403,0,0,6
KathrynGeog201,0,0,0.0,0,0,2
Ben114,0,0,0.49921976013819,0,0,2
mcccliv,0,0,0.0,0,0,8
nkhall,0,0,2.733325085646371,0,0,8
bmio14,11,0,0.0,0,0,13
maitsana,0,0,0.5762379429054221,0,0,2
selel_0653,0,0,0.0,0,0,2
piyuku,0,0,0.14212491977719302,0,0,1
Jordan72,0,0,0.0,0,0,1
jdoniche,0,0,2.783391989866785,0,0,5
201geog14,0,0,0.0,0,0,7
Cman46,0,0,0.0,0,0,2
chaseboni,0,0,0.0,0,0,2
Mike811881,0,0,0.028822060562261,0,0,1
patadivy,0,0,0.09394847459166,0,0,1
cfogel,2,0,0.0,0,0,2
gmccauley_4904,0,0,0.0,0,0,4
mavudur,0,0,0.021571398699059,0,0,1
brianjmcguirk,14,0,0.018458537928578,0,0,93
vbbukka,0,0,2.442181617221268,0,0,7
itsamap!,1,0,0.0,0,0,1
akalohri,0,0,3.381221929720462,0,0,28
aross5,0,0,0.18519309695301,0,0,1
amrisham,0,0,0.303919057918611,0,0,5
DavidZ,0,0,0.559327446290049,0,0,4
Josef73,0,0,0.0,0,0,2
Cycleboy99,0,0,0.0,0,0,1
HolgerJeromin,0,0,0.148635162102491,0,0,1
marc__marc,0,0,0.0,0,0,1
Meccanicus1979,1,0,0.053538792543821004,0,0,4
nikhilprabhakar,0,0,0.033552120677415004,0,0,5
CEDoyle_6189,0,0,0.05452468890510401,0,0,4
epicdragon1221,9,0,0.0,0,0,19
dchiles,0,0,1.078347931467283,0,0,20
BugBuster,0,0,0.239343213059884,0,0,2
ommundu,0,0,3.165320523445281,0,0,21
TarlaMoede,0,0,0.0,0,0,1
amarajz,0,0,2.915955930404235,0,0,15
NSCR7,0,0,0.0,0,0,1
unsub,1,0,0.803959458150994,0,0,10
jstanding,0,0,0.037385006371224,0,0,1
Jim_SpeedLine,0,0,0.46081280800738605,0,0,4
saxvidit,0,0,2.2607412405765093,0,0,15
Noam (Moovit),0,0,1.108303501501926,0,0,8
Jedrzej Pelka,0,0,0.0,0,0,1
tmadhuli,0,0,1.61637874222215,0,0,22
anuds,0,0,0.358393612175673,0,0,4
asyabokshtein,0,0,1.761051697885174,0,0,13
scharith,0,0,1.490136403236439,0,0,6
skquinn,10,1,0.10135513189254701,0,0,47
kirrawat,0,0,0.31533953238351703,0,0,2
Justin Pontes,0,0,0.219249113083149,0,0,3
Helmchen42,0,0,0.0,0,0,1
Paul Gott,0,0,0.0,0,0,3
Steven Deeds,0,0,0.067875963900226,0,0,4
Monica Brandeis,0,0,0.360049726340396,0,0,1
Plugg56,0,0,0.030626771295017,0,0,2
ganarend,0,0,1.471157257873979,0,0,12
David Argueta,1,0,0.052951015734114,0,0,5
Stephen214,0,0,0.0,0,0,4
PhrozynWynd,38,0,0.550073635848429,0,0,42
MaeME,0,0,0.0,0,0,4
chepteja,0,0,0.265549014830182,0,0,2
jpx_,0,0,0.0,0,0,1
401 Consulting,0,0,0.0,0,0,2
Narendra ganesh,0,0,0.8868301040541271,0,0,9
madharor,0,0,0.9683845099655171,0,0,2
riteshaw,0,0,1.7241238277363382,0,0,19
pratikyadav,8,0,0.566781688578981,0,0,22
dforsi,0,0,0.0,0,0,1
coleman,0,0,0.0,0,0,2
eadamk,0,0,3.564076582369369,0,0,19
ff5722,0,0,0.818050877886461,0,0,8
nessa2514,6,0,0.0,0,0,8
FTA_dwg,0,0,0.0,0,0,1
irasesu,0,0,2.08629235997619,0,0,13
nmotupal,0,0,1.647322791974378,0,0,4
flierfy,1,0,0.0,0,0,121
mfeng,1,0,0.0,0,0,1
vademecum,88,0,3.112498776512788,0,0,206
BWE12,3,0,0.0,0,0,3
thetravelingmapper,47,0,0.668427274509451,0,0,53
JBrocklesby,0,0,0.0,0,0,2
Fitch,1,0,0.20871410318454703,0,0,2
leip67,8,0,0.0,0,0,12
JayPiz,1,0,0.0,0,0,2
Wubby,2,0,0.0,0,0,12
FourOhFour,0,0,0.39098642781663,0,0,8
TornadoShepherd,2,0,0.0,0,0,5
ZeiP,0,0,0.0,0,0,1
Peter14,0,0,0.0,0,0,6
venkanna37,5,0,13.203757688683455,0,0,291
b1ackcr0vv,0,0,0.0,0,0,1
ianmcorvidae,0,0,0.0,0,0,1
ianlopez1115,0,0,0.0,0,0,1
jmacomber_1419,0,0,0.11040075743451701,0,0,9
rza31,0,0,0.0,0,0,1
Natfoot,0,0,0.29105504801263404,0,0,6
CoasterRoyalty,0,0,0.0,0,0,31
kfremd,0,0,2.794227560735757,0,0,15
CSheehy,8,0,0.0,0,0,15
Chetan_Gowda,0,0,0.564296397915944,0,0,6
kenpoole,0,0,0.0,0,0,1
heartknee,1,0,0.0,0,0,1
rayro,1,0,0.0,0,0,1
matttomasi,1,0,0.0,0,0,24
nhanway,1,0,7.667061483553806,0,0,193
Bryce C Nesbitt,0,0,0.0,0,0,2
elbatrop,0,0,0.0,0,0,3
atlantic_totoro,0,0,0.138840477976682,0,0,1
saksudan,0,0,1.655590173146971,0,0,6
JCLemme,3,0,0.164866507773992,0,0,22
mansipan,0,0,2.310472508393871,0,0,11
Corey Masters,6,0,0.9252303196134871,0,0,33
Paul Tetreault,0,0,0.108328505282793,0,0,1
marisacalise,0,0,0.0,0,0,1
elkueb,1,0,0.0,0,0,1
Superior Tanning,0,0,0.0,0,0,2
sainiyam,0,0,2.103798249260712,0,0,4
paperpamphlet,4,0,0.0,0,0,6
tnPerona,0,0,1.417074346609918,0,0,2
TomH,0,0,0.0,0,0,1
dyellak,0,0,0.12044293473040601,0,0,4
AntéD,13,0,0.0,0,0,21
vvrddy,0,0,0.258136959793542,0,0,2
fixedbusiness,2,0,0.0,0,0,5
Rick StP,0,0,0.5621795886371891,0,0,15
nammala,0,0,1.9088687434694451,0,0,17
Mac05,0,0,0.0,0,0,4
Teesta,0,0,45.57180183680965,0,0,712
bbmiller,1,0,0.0,0,0,2
mrfa,0,0,2.036328348993971,0,0,30
JJayzX,2,0,0.0,0,0,15
Mattija,1,0,7.187100500340836,0,0,25
cliffcake,9,0,0.0,0,0,43
Jumpingjackz,0,0,1.742186505520253,0,0,43
Kellye-Coast,0,0,0.07179336020511701,0,0,4
changurl,0,0,1.207482478284625,0,0,18
Munchabunch,7,0,0.0,0,0,7
spclark,4,0,0.0,0,0,8
WoodWoseWulf,0,0,0.0,0,0,1
pascazio,7,0,0.0,0,0,15
LXT,0,0,0.0,0,0,4
hbixby22,15,0,0.0,0,0,15
hazmat696969,0,0,0.071279157976182,0,0,1
Sploolordcam,0,0,0.154498501174015,0,0,5
maxolasersquad,0,0,0.0,0,0,5
naaitha,0,0,0.807914046664796,0,0,7
kickstand,0,0,0.569425201469941,0,0,3
openstreeteditor345789,0,0,0.0,0,0,3
DanBou76,3,0,0.28134558397994003,0,0,5
DanielRoach,2,0,0.0,0,0,2
rickmastfan67,0,0,0.0,0,0,3
kmneh,0,0,0.07316974071297,0,0,1
arhyatt,0,0,0.119037950803225,0,0,1
JasonWoof,230,0,6.802780282982935,0,0,369
nimmalab,0,0,0.23349956815764403,0,0,2
martini_p,0,0,0.0,0,0,3
levitationglass,0,0,0.0,0,0,1
sabiya,8,0,0.750153474993804,0,0,53
DnaX,3,0,0.0,0,0,5
Bill Ricker,10,0,0.040559597129217,0,0,14
yasaura,0,0,1.562510976976202,0,0,8
mojodna,1,0,0.0,0,0,2
sreejam,0,0,0.880313990728213,0,0,2
lesko987,0,0,0.0,0,0,1
tammpava,0,0,0.164673093630047,0,0,2
bogdanp_telenav,0,0,0.18729079427165002,0,0,4
DougPeterson,1,0,1.836388724536228,0,0,14
LaborOfLove,6,0,1.038031611375472,0,0,250
mitchd123,3,0,1.053434057662131,0,0,7
november3000,12,0,0.644259526544468,0,0,28
skpullano,1,0,0.0,0,0,1
Tarmengau,0,0,0.0,0,0,2
Nasog,10,0,0.0,0,0,10
Sneakytiki,0,0,0.0,0,0,28
jrtmcgee,0,0,0.0,0,0,1
Zatara85,0,0,0.0,0,0,1
Kahree Silva,3,0,0.013134872350777002,0,0,5
samradov,1,0,0.0,0,0,3
RJFerret,0,0,0.074498775772671,0,0,9
elianat,1,0,0.8734842143556371,0,0,6
maddi34,2,0,0.0,0,0,3
Adam Pamula,0,0,0.0,0,0,1
George888,13,0,0.790122891280399,0,0,19
Claudius Henrichs,1,0,0.0,0,0,1
alskor,0,0,0.0,0,0,2
oini,0,0,0.0,0,0,1
pattamatta,0,0,0.145088719569123,0,0,2
Lukas Angster,0,0,0.0,0,0,1
TuggsBrohe,2,0,0.0,0,0,2
bigwebguy,0,0,0.0,0,0,3
ACE|Tony,0,0,0.0,0,0,1
jharpster,0,0,7.360585272953919,0,0,18
atomwaffen,0,0,0.0,0,0,2
dannykath,1,0,2.818767591595453,0,0,71
aarond9,0,0,0.0,0,0,1
jojoyal,0,0,2.737439023601651,0,0,32
Dami_Tn,0,0,0.024152449076018,0,0,1
njtbusfan,1,0,199.79526000716046,0,0,1370
ashmanmedia,2,0,0.0,0,0,2
3xodus,2,0,0.0,0,0,10
Morr1008,3,0,0.0,0,0,6
Syl,0,0,0.0,0,0,4
BostonUrbEx,0,0,0.22473381585432603,0,0,8
xybot,0,0,0.274122136677579,0,0,20
shonondray,1,0,0.0,0,0,12
Walleye2013,0,0,0.067994352197944,0,0,19
Moham837,0,0,0.0,0,0,1
CAMcCormick,5,0,2.044744548798747,0,0,44
curtharrison3,0,0,0.0,0,0,1
cgu66,0,0,0.0,0,0,6
noliver,0,0,0.0,0,0,1
user_5359,61,0,6.974845358658305,0,0,194
IAmZePiplup,0,0,0.0,0,0,1
manings,1,0,2.005783522363381,0,0,23
Olyon,1,0,0.0,0,0,1
javmoh,0,0,2.208745467547937,0,0,6
yerramg,0,0,0.387873398330964,0,0,1
expertgps,0,0,0.802135596345055,0,0,11
!MRGBoss,5,0,1.6178276768155122,0,0,16
jremillard-massgis,27500,0,0.0,0,0,27639
Korzun,1,0,0.0,0,0,11
nfgusedautoparts,0,0,1.246719837550535,0,0,4
GamingHDGames,0,0,0.0,0,0,7
Zurbagan,0,0,5.789866775116707,0,0,21
JimmyRocks,67,0,0.0,0,0,67
bhavana naga,0,0,9.071044133968929,0,0,63
UConnMaps,1,0,0.0,0,0,1
sivapaid,0,0,0.8811319492205191,0,0,8
Craig Cleveland,3,0,0.0,0,0,3
gharlane00,0,0,0.0,0,0,10
Minh Nguyen,0,0,0.0,0,0,1
jamenimm,0,0,0.888622219693838,0,0,3
yeezyyeezy4,0,0,0.0,0,0,2
sanganh,0,0,1.320077584279079,0,0,3
johnny mcbriz,0,0,0.0,0,0,1
jyotkuma,0,0,2.766042354123478,0,0,6
daggarw,0,0,0.094163157996884,0,0,2
dvyasha,0,0,1.093590309687774,0,0,2
Romira Monteiro,6,0,0.0,0,0,7
vardhamk,0,0,2.7804980558404,0,0,5
PLWJack,0,0,0.851433675760014,0,0,9
Rasterfarian,0,0,0.0,0,0,1
Nayt44,0,0,0.0,0,0,2
Downy288,0,0,10.711776231546198,0,0,68
Cat Soup,0,0,0.0,0,0,2
Malmis,0,0,0.033854933512466004,0,0,1
RaquelFish09,1,0,0.0,0,0,1
jorick,0,0,0.0,0,0,1
Mr World,33,0,1.63530939904321,0,0,44
Kim Astor Løken,0,0,0.0,0,0,1
Alex KG Ellis,957,0,4.659072751800618,0,0,1096
EvilJr,0,0,0.0,0,0,10
Szeth,0,0,0.26583156874093,0,0,4
KindredCoda,0,0,0.09429028019108801,0,0,18
cjudge05,11,0,0.0,0,0,15
deanabil,0,0,2.621642667663984,0,0,15
Bryan Sabbag,8,0,0.0,0,0,16
Ohmanrayman,34,0,2.316675750313418,0,0,81
markm851003,0,0,2.374635717530304,0,0,18
adjuva,0,0,0.0,0,0,2
commanderbond88,1,0,0.472527351938533,0,0,11
Matthew Darwin,1,0,0.0,0,0,3
Guvani,0,0,0.0,0,0,1
Brandify Tran,2,0,0.0,0,0,3
Shadow187,0,0,0.5005221492401271,0,0,22
Phil Scherer,0,0,0.020894398683922,0,0,2
ftavares87,49,0,1.9160672047853922,0,0,105
Ddoolittle86,0,0,8.253074332080597,0,0,63
KR-KRKR-KR,0,0,0.0,0,0,1
tombrady,0,0,0.0,0,0,2
Vbob,0,0,0.020784868876137,0,0,2
limmmoh,0,0,1.06245940302781,0,0,3
FrJakob,0,0,0.0,0,0,2
pyram,8,0,0.46400911916396204,0,0,17
TIGERcnl,0,0,0.0,0,0,1
Odion,0,0,0.49923647523776604,0,0,9
201Geog24,0,0,0.0,0,0,4
marianp_telenav,0,0,21.32153792727543,0,0,204
Joseph E,0,0,0.0,0,0,1
Tess Bradley,3,0,0.0,0,0,5
deepikja,0,0,0.36751147721612104,0,0,2
dalek2point3,0,0,1.664969923726294,0,0,38
Apoorva Navlay,0,0,0.301527099123359,0,0,4
istvanv_telenav,0,0,5.441191272628416,0,0,33
bolli24,0,0,0.0,0,0,1
vng_minsk,0,0,0.0,0,0,4
vissushm,0,0,0.6879867100406011,0,0,8
TorCguy,0,0,0.0,0,0,3
compdude,0,0,0.0,0,0,3
amillar,53,0,0.0,0,0,402
Dero Bike Racks,0,0,0.0,0,0,2
Firefishy,0,0,772.7525812082622,0,0,2889
Ilya Radchenko,6,0,0.0,0,0,10
azsr,15035,1,384.2326880043298,2,2,22470
Gutsycat,0,0,0.0,0,0,1
homeward2,0,0,0.10739213017679101,0,0,1
cheerios,0,0,0.0,0,0,1
MuppetGnar,0,0,4.174359000376075,0,0,8
enokp,1,0,0.0,0,0,3
Phride,0,0,3.346238464104971,0,0,1
dgpj,0,0,0.0,0,0,1
sgalley,26,0,0.14922788381267502,0,0,58
stadiaarcadia,14,0,0.0,0,0,14
byronjet,0,0,4.877001340525168,0,0,6
Velox,0,0,0.035087061549167,0,0,1
miluethi,3,0,0.065021377057855,0,0,15
BuganiniQ,0,0,0.0,0,0,1
BMS_FLL_2013,0,0,0.0,0,0,184
katiethomson,0,0,0.006556742410802001,0,0,1
lorandr_telenav,0,0,15.335959796472139,0,0,116
ChrisGinRI,0,0,0.0,0,0,1
JessAk71,17,0,17.859704248929074,0,0,240
DavidS-Faber,0,0,0.0,0,0,1
user_599436,15,0,8.157209187128304,0,0,52
mBro,0,0,0.0,0,0,1
ed_borges91,11,0,0.874288896209462,0,0,29
davemann,0,0,0.0,0,0,12
SeattleTodd,0,0,0.0,0,0,3
zmoore_lyft,0,0,0.175003300783622,0,0,3
teodorab_telenav,0,0,23.89372558090284,0,0,173
shredmo,0,0,0.048242998005449005,0,0,7
debott,0,0,3.543672641170942,0,0,25
Polyglot,0,0,0.0,0,0,1
sandchi,0,0,0.14477743890729602,0,0,1
labarna,0,0,0.0,0,0,1
sartsuri,0,0,0.6672742390391081,0,0,3
JonathanMG,0,0,0.0,0,0,3
jerryam,92,0,41.681866396841464,0,0,783
msmoritz,0,0,0.0,0,0,3
kvss,0,0,3.323098946052776,0,0,10
TDR3iW,1,0,0.0,0,0,1
snghcvv,0,0,9.238787146130814,0,0,12
chaanakya,1,0,0.0,0,0,2
gohimans,0,0,10.619289701640936,0,0,23
AlpacaFur,9,0,0.11245814807663201,0,0,21
shkshar,0,0,7.706802636589695,0,0,22
Tom Morris,11,0,0.0,0,0,17
mvviveka,0,0,8.71569665819193,0,0,39
mdroads,0,0,1.0650337480731271,0,0,24
rojganes,0,0,6.503855977979724,0,0,45
Steenbuck,1,0,0.0,0,0,4
avssr,0,0,0.7510500035362471,0,0,3
t-i,1,0,0.0,0,0,1
SCSpaeth,0,0,0.0,0,0,4
mihaii_telenav,0,0,0.23407697886332302,0,0,1
Roadsguy,0,0,8.23640433335499,0,0,75
dylancahir,0,0,0.024611332907650003,0,0,2
jedidy,0,0,0.147576254082586,0,0,1
korolenok,0,0,2.687241002376894,0,0,4
buddhirv,0,0,5.581472438046658,0,0,16
zardofoz,0,0,0.0,0,0,1
siddhaam,0,0,8.521416281144411,0,0,7
ceyockey,0,0,0.129291685689041,0,0,8
Jason78,0,0,9.057817733368577,0,0,50
Eric958,0,0,0.0,0,0,1
pattamaa,0,0,0.6198645661162541,0,0,6
Will Carr,0,0,0.0,0,0,1
Cybernenea11,0,0,0.0,0,0,1
Josh Wood,4,0,0.12801884613678202,0,0,11
jangahari,0,0,5.839997802231766,0,0,5
greg_geo,0,0,0.0,0,0,2
vaidhev,0,0,2.481386225480618,0,0,3
Deken,6,0,0.0,0,0,10
Korgi1,36,0,0.14089943993638102,0,0,50
Volker Fröhlich,0,0,0.0,0,0,3
Jwheels9876,16,0,9.979582059713517,0,0,1139
MasFina,0,0,0.09457813992958201,0,0,2
Rybread52,2,0,1.4167254024460791,0,0,32
PFay,0,0,0.0,0,0,1
dppola,0,0,1.021100055889725,0,0,5
puck2,0,0,0.0,0,0,1
asdf2,0,0,0.38846288877192203,0,0,3
campbeb,0,0,0.154322398524984,0,0,7
hmammoth,0,0,0.0,0,0,70
Fishheadjr,0,0,2.013584233835939,0,0,25
danielamonge,0,0,0.0,0,0,1
dankpoet,1,0,0.0,0,0,1
georges_telenav,0,0,2.013282964909129,0,0,14
hollybogo,2,0,0.0,0,0,11
dcat,0,0,0.0,0,0,21
Bellaa,1,0,0.6503686873385901,0,0,5
lvjordan3,0,0,11.596898530489314,0,0,25
julesreid,0,0,0.0,0,0,2
Zack Bowden,44,0,12.768698633226329,4,0,543
youngbasedallah,4,0,0.0,0,0,6
Iowa Kid,0,0,4.665882431738065,0,0,37
Sinistor,0,0,0.33850932021289504,0,0,9
stevea,0,0,2.523970437689269,0,0,57
NayanataraM,0,0,0.0,0,0,1
Brandon Reavis,0,0,0.08010853413591,0,0,1
osm2xp,61,0,0.0,0,0,61
saikariv,0,0,5.4268247809250845,0,0,12
blueteam,6,0,0.067721869160447,0,0,19
pete404,1,0,0.0,0,0,3
JamesBourne,1,0,0.0,0,0,2
RhodeMaps,3,0,0.18964970460494002,0,0,4
ezr2,0,0,0.0,0,0,1
craftsbury,0,0,1.919967524191645,0,0,12
ggando_lyft,0,0,0.563867848272887,0,0,8
oldtopos,0,0,12.693140196797524,0,0,171
boopington,0,0,0.44811964931909803,0,0,2
BruRICoffeeBar,0,0,0.0,0,0,1
EdCas,13,0,0.0,0,0,15
Spanholz,2,0,0.45586612072554206,0,0,9
eminence,24,0,0.520469574220988,0,0,54
szilardk_telenav,0,0,0.135754196437421,0,0,15
Bman,0,0,0.0,0,0,1
Leo22,11,0,4.882019775045012,0,0,196
201Geog17,1,0,0.19031291334733202,0,0,3
saikabhi,0,0,1.108373639130904,0,0,10
askewchan,0,0,0.0,0,0,1
rekulc1,0,0,2.546952444601115,0,0,11
Marshall T,35,0,1.532845916522118,0,0,38
Allison Stopyra,0,0,0.0,0,0,2
acole_0157,0,0,0.0,0,0,1
Gireeshn,0,0,1.546461157889803,0,0,6
FA 2017 Andy,0,0,0.0,0,0,2
vaibkaus,0,0,1.073830151405031,0,0,4
arpremna,0,0,0.17155080011645502,0,0,2
semwalas,0,0,1.436035775880418,0,0,8
Claas Augner,0,0,0.24779896937796203,0,0,3
swampboot,0,0,0.293837251111053,0,0,10
treml527,0,0,0.0,0,0,17
zjbuyer,1,0,0.455238655440302,0,0,23
robgeb,0,0,0.0,0,0,1
darksh1ne,8,0,0.542947709303456,0,0,26
Traveller1701,0,0,0.06457248201339501,0,0,1
digibot,0,0,0.38798537823696805,0,0,64
Rub21,0,0,0.20317824676543503,0,0,2
ruthmaben,0,0,0.390569671979885,0,0,6
bbde1604,1,0,0.0,0,0,2
STNolan13,0,0,0.027239550272263,0,0,4
shawnmdo,0,0,0.0,0,0,6
Takuto,3,0,0.0,0,0,3
homeslice60148,0,0,0.0,0,0,1
radsam,1,0,0.0,0,0,11
map93,0,0,0.0,0,0,1
wvdp,0,0,18.392936187054946,0,0,56
OFDA_Training,0,0,0.0,0,0,1
gutelius,0,0,0.0,0,0,3
Tomash Pilshchik,0,0,0.0,0,0,1
ebnt,0,0,2.4408634897495882,0,0,9
Stemby,0,0,0.0,0,0,1
Beachbm127,0,0,0.329676576318356,0,0,2
cowdog,1,0,0.0,0,0,2
nyuriks,21,0,0.0,0,0,44
Brian87,0,0,0.173848298802699,0,0,2
GeoStudent,1547,0,0.822512449005916,0,0,1585
Paul Johnson,0,0,0.0,0,0,1
jhameena,0,0,0.377002279367084,0,0,2
justinkuo,0,0,0.0,0,0,4
shreeush,0,0,3.526404326094519,0,0,4
nm7s9,0,0,0.0,0,0,1
Alan_Bragg_Import,21773,0,2.155464636784327,0,0,21780
MilaZ,0,0,0.0,0,0,1
GabeH,0,0,0.15241352388769502,0,0,4
shawat94,0,0,0.907984140879015,0,0,3
dhakanth,0,0,0.20298470983245,0,0,2
Mikedraps,0,0,0.0,0,0,3
Bataineh,0,0,0.08989314532546001,0,0,2
SWF8,0,0,0.0,0,0,1
sivaib,0,0,0.20830874610565803,0,0,2
Geoff Meek,0,0,0.0,0,0,9
karnatim,0,0,2.64232062025104,0,0,28
Lindenk,1,0,0.0,0,0,2
andygol,1,0,0.44007226709561603,0,0,7
cheezeberger,0,0,0.0,0,0,2
hbussey,1,0,0.0,0,0,3
widalys_garcia,1,0,0.0,0,0,1
Mashin,0,0,1.504986906081388,0,0,11
tbmow,0,0,0.0,0,0,1
Gillionaire,0,0,0.26592926949441403,0,0,2
red_clover,0,0,0.0,0,0,3
melisramer,0,0,4.6760737602286095,0,0,30
mork the delayer,0,0,0.0,0,0,2
werner2101,4,0,0.14793377241747402,0,0,17
seaanchor12,0,0,0.0,0,0,16
kerisilva,0,0,0.0,0,0,4
goldenmeanie,3,0,0.0,0,0,4
SK-808,5,0,0.0,0,0,17
maptastical,0,0,0.12114221923171001,0,0,36
jayabs24,0,0,0.0,0,0,1
Ed Lawrence,0,0,0.0,0,0,2
mcaldwell_1372,0,0,0.0,0,0,4
Channy Ngin,2,0,0.0,0,0,10
Sporkweasel,0,0,4.417499806590221,0,0,40
yudenis de jesus,5,0,0.0,0,1,5
flup,7,0,0.0,0,0,14
addatla,0,0,0.11147330164212901,0,0,2
marthaleena,0,0,34.17803755530522,0,0,133
kre3d,0,0,0.1636516620656,0,0,1
b-jazz,1,0,11.823223594167064,0,0,60
nsub1,0,0,0.0,0,0,2
dnugz,0,0,2.375263997106379,0,0,6
camposjoh,1,0,0.0,0,0,1
burmanarchitects,0,0,0.0,0,0,1
Michael Adis,0,0,0.0,0,0,1
thetornado76,166,0,33.963146330649366,1,0,722
pdunn,2,0,0.0,0,0,2
tahuram,0,0,3.790365475061601,0,0,8
jamie thomas,0,0,0.0,0,0,1
Jothirnadh,0,0,1.329911442381482,0,0,30
Moh_D,1,0,0.0,0,0,1
loyakris,0,0,0.16792878889217602,0,0,1
MikePosch,0,0,0.0,0,0,1
sebastic,7,0,1.109031060713464,0,0,100
cbuijs,1,0,0.0,0,0,1
abvincen,0,0,1.131718955023345,0,0,11
swhite3137,3,0,0.0,0,0,6
himansne,0,0,1.38730655934576,0,0,7
chiraag-nataraj,0,0,0.0,0,0,2
h4ck3rm1k3,0,0,0.0,0,0,7
marionair,0,0,0.0,0,0,1
sctrojan79,3,0,11.167562241844028,0,0,173
epottiermbta,0,0,0.0,0,0,1
sttbss,0,0,0.374871263987118,0,0,3
KayRob15,1,0,0.0,0,0,2
kkoganti,0,0,1.535375136876168,0,0,3
Caleb_L,0,0,0.0,0,0,1
Genghis,0,0,0.0,0,0,512
andrewbenedictwallace,0,0,0.0,0,0,2
shasband,0,0,1.57663127834376,0,0,2
blahedo,59,0,0.5189461166888211,0,0,86
iamkellingit,0,0,0.0,0,0,4
mrw6060,1,0,0.0,0,0,1
rdol1994,0,0,0.41778978413418905,0,0,2
rjhale1971,1,0,0.0,0,0,3
goraia,0,0,1.323282000659036,0,0,8
srainwater,1,0,0.0,0,0,1
GinaroZ,0,0,0.0,0,0,2
jokeefe,0,0,0.0,0,0,21
debutterfly,0,0,5.811233782504122,0,0,30
joemadeus,33,0,0.08497630706171401,1,0,74
audaciouscompass,1,0,0.538940814136706,0,0,3
esterichia,1,0,0.0,0,0,28
calfarome,0,0,4.489400614947102,0,0,45
kaona19,0,0,0.0,0,0,1
harshjs,0,0,1.326661888668026,0,0,2
The Inning Club,27,0,0.0,0,0,72
Barbari,0,0,2.48484740894686,0,0,10
ScottSorensen,1,0,0.0,0,0,1
FMFT,0,0,2.284825822561288,0,0,10
timothymh,2,0,0.0,0,0,10
dpaschich,2,0,0.0,0,0,2
JillianRennar,0,0,0.0,0,0,1
TediouslyBored,0,0,0.145690354554967,0,0,2
KenniaC,1,0,0.0,0,0,5
Di Splainame,262,0,4.728929858435074,0,0,457
CapitalGoodFund,0,0,0.026028250889416002,0,0,2
ppba,0,0,0.331401731754684,0,0,5
cycleedit,0,0,0.0,0,0,3
CristinaAndronic,1,0,0.0,0,0,1
Luccnoir,0,0,0.0,0,0,1
Jake Strine,0,0,0.0,0,0,5
Werewombat,75,0,0.0,0,0,94
dmgroom_ct,0,0,0.0,0,0,41
MindSolve,1,0,0.0,0,0,1
ToffeHoff,0,0,0.375447506347,0,0,4
acas,3,0,0.0,0,0,4
TheLazerClap,0,0,0.0,0,0,9
mapgive15st,2,0,0.014872784466842,0,0,4
Chris Mark,0,0,0.0,1,0,4
tehcraz,0,0,0.0,0,0,1
brownstyler,202,0,3.086944282992569,0,0,210
chatrags,0,0,0.901495531719077,0,0,21
srividya_c,0,0,1.23755893901155,0,0,15
ranjithjoy,0,0,0.0,0,0,1
sabok,0,0,5.467089271519954,0,0,15
melcomsx,1,0,0.0,0,0,1
johnsdixon,0,0,1.091314325104627,0,0,68
levesquelawri,0,0,0.0,0,0,1
riskhann,0,0,2.9521441708929643,0,0,9
cdavila,1,0,0.0,0,0,1
tpawlitschek,2,0,0.6479308544590291,0,0,35
Bsaroeun,0,0,0.0,0,0,5
crystalwalrein,38,0,11.240687986575445,0,0,274
wehaulitinc,0,0,0.0,0,0,1
jonesydesign,0,0,0.739484916341124,0,0,3
almiki,0,0,0.057128329871169004,0,0,2
SpeedLineSupport,0,0,0.0,0,0,6
magalissantana,1,0,0.0,0,0,2
mfengbristol,0,0,0.0,0,0,1
NateOMatic,0,0,0.0,0,0,1
1024mar35,0,0,0.105048632118032,0,0,2
JackyY4ng,0,0,0.0,0,0,3
TeresaPeteti,0,0,24.080865866254403,0,0,834
bezek,6,0,0.0,0,0,16
ToeBee,0,0,0.0,0,0,9
Spinosaursus,30,0,0.0,0,0,31
sfn,2,0,17.98342707964013,0,0,187
L Gloss,1,0,0.0,0,0,1
wolfgang8741,1,0,0.0,0,0,13
Sophie Chien,3,0,0.0,0,0,3
hofoen,230,0,17.762578657538487,0,0,588
daemonkity,6,0,0.0,0,0,10
Yury Yatsynovich,106,0,19.504190730988153,0,0,354
MGH,3,0,0.0,0,0,7
mahmedqg,0,0,3.64097572537498,0,0,9
msmisha,0,0,0.0,0,0,6
Alexander Roalter,0,0,0.0,0,0,5
cspanring,1,0,0.0,0,0,1
udairman71,5,0,6.498797672575866,0,0,98
SophoM,0,0,0.0,0,0,1
kurugunk,0,0,3.573619460368478,0,0,12
dgitto,1,0,0.0,0,0,1
eqial,0,0,0.0,0,0,3
Vlad,0,0,0.0,0,0,2
RussNelson,4,0,4.214106394812081,0,0,147
AzizBass,1,0,0.0,0,0,1
iggujja,0,0,0.233387338120903,0,0,1
neveroddoreven,4,0,0.0,0,0,4
TheParadoxMuse,38,0,2.9932276094671,0,0,116
beckymathew,4,0,0.0,0,0,9
SpinachSalad,1,0,0.0,0,0,3
wandsecacher,1,0,0.0,0,0,1
David Casagrande,0,0,0.12116352462759401,0,0,1
prfay,7,0,0.0,0,0,7
dalmond,2,0,0.0,0,0,3
mcgelb,1,0,0.0,0,0,1
Maggie15,1,0,0.0,0,0,1
Emmaxi,1,0,0.0,0,0,1
chadlawlis,0,0,0.324172841222917,0,0,13
Parker544,0,0,0.0,0,0,2
alexandrebc,2,0,0.078649763858991,0,0,10
bfm64,0,0,0.0,0,0,1
marek kleciak,9,0,2.198532174919692,0,0,27
MalcolmDrenttel,0,0,0.0,0,0,1
Timothy Smith,95,0,0.0,2,1,185
Tatum,0,0,0.0,0,0,3
asrdd,0,0,8.795090305950067,0,0,20
risdean,0,0,0.0,0,0,1
George Weasley,0,0,0.0,0,0,2
subshell,0,0,0.0,0,0,3
NBeeLange,0,0,0.9564972612203191,0,0,7
kKaee33,1,0,0.0,0,0,1
Nate_Wessel,87,0,29.560244044527558,1,0,618
HDHooper,0,0,0.0,0,0,1
loescher,72,0,3983.2365608798814,0,0,21995
jamacho,195,0,0.0,0,0,216
gdt,6,0,7.503496079369241,0,0,106
Sunny He,0,0,0.0,0,0,2
kshtdh,0,0,3.7045492074393023,0,0,5
xsethx,1,0,0.0,0,0,1
kasbadri,0,0,3.033247843381809,0,0,10
njaard,7,0,0.0,0,0,7
AdamJHebert,0,0,0.0,0,0,1
Kateg123,0,0,0.0,0,0,1
petrar_telenav,0,0,5.274836375461768,0,0,40
aquablib,2,0,0.0,0,0,2
Omnific,0,0,1.010677767502276,0,0,12
jpowning,0,0,0.0,0,0,1
BryanRI,12,0,0.504073529010985,0,0,21
9spades,12,0,0.0,0,0,12
PlaneMad,0,0,0.5308916989598851,0,0,6
eroncanc,1,0,0.0,0,0,2
dpawlyk,2,0,8.432187331711908,0,0,69
PatriciaEkpo,1,0,0.0,0,0,1
Downy_288,0,0,9.313385359809036,0,0,74
Latze,73,0,0.0,0,0,73
DKNOTT,0,0,1.937352239119817,0,0,13
Tamara Lima,0,0,0.0,0,0,2
mrgriscom,0,0,0.0,0,0,1
MKnight,0,0,0.0,0,0,1
siranachronist,14,0,8.450973904471951,0,0,102
Sparks,1,0,0.0,0,0,1
Brett Camper,0,0,0.0,0,0,1
Arvid Tomayko-Peters,0,0,0.0,0,0,1
NickBolten,0,0,0.0,0,0,2
KevinInFoxpoint,0,0,0.0,0,0,3
masojuli,0,0,0.38307041621194404,0,0,3
Gabriel Yoran,1,0,0.0,0,0,1
tyos,4,0,0.20809470110000103,0,0,15
e pt,0,0,0.0,0,0,4
Constable,1,0,5.692901127498724,0,0,34
stangoodman,0,0,0.0,0,0,2
25or6to4,4,0,0.0,0,0,17
BCNorwich,0,0,0.39875003900877404,0,0,1
BigE56,3,0,0.31048211437558704,0,0,5
Natewins11,0,0,0.0,0,0,1
gauraan,0,0,0.8727830093082151,0,0,3
ramaral_8225,5,0,0.0,0,0,8
geodreieck4711,0,0,0.0,0,0,10
krinkov76239,0,0,281.0504846360866,0,0,1510
davidearl,0,0,0.0,0,0,156
modukv,0,0,0.6777042201291711,0,0,4
